{
  "name": "Neighborhood_100_1000x1000",
  "dateCreated": "2025-02-12 09:40:10.469953",
  "count": 100,
  "xLimit": 1000,
  "yLimit": 1000,
  "pairList": [
    [
      540,
      880
    ],
    [
      937,
      661
    ],
    [
      675,
      659
    ],
    [
      257,
      629
    ],
    [
      72,
      407
    ],
    [
      947,
      128
    ],
    [
      272,
      779
    ],
    [
      835,
      767
    ],
    [
      3,
      471
    ],
    [
      801,
      218
    ],
    [
      2,
      265
    ],
    [
      809,
      161
    ],
    [
      299,
      10
    ],
    [
      629,
      780
    ],
    [
      448,
      485
    ],
    [
      82,
      932
    ],
    [
      281,
      562
    ],
    [
      134,
      570
    ],
    [
      403,
      553
    ],
    [
      931,
      303
    ],
    [
      745,
      451
    ],
    [
      263,
      218
    ],
    [
      346,
      727
    ],
    [
      741,
      632
    ],
    [
      147,
      359
    ],
    [
      574,
      175
    ],
    [
      187,
      827
    ],
    [
      627,
      736
    ],
    [
      405,
      593
    ],
    [
      329,
      236
    ],
    [
      440,
      963
    ],
    [
      217,
      574
    ],
    [
      822,
      989
    ],
    [
      622,
      843
    ],
    [
      818,
      389
    ],
    [
      151,
      695
    ],
    [
      296,
      637
    ],
    [
      37,
      878
    ],
    [
      465,
      237
    ],
    [
      23,
      340
    ],
    [
      77,
      907
    ],
    [
      410,
      642
    ],
    [
      489,
      848
    ],
    [
      68,
      765
    ],
    [
      437,
      658
    ],
    [
      842,
      966
    ],
    [
      19,
      790
    ],
    [
      314,
      2
    ],
    [
      633,
      135
    ],
    [
      508,
      337
    ],
    [
      891,
      795
    ],
    [
      378,
      284
    ],
    [
      171,
      973
    ],
    [
      877,
      379
    ],
    [
      143,
      922
    ],
    [
      600,
      135
    ],
    [
      861,
      352
    ],
    [
      131,
      23
    ],
    [
      305,
      8
    ],
    [
      894,
      842
    ],
    [
      290,
      653
    ],
    [
      618,
      403
    ],
    [
      311,
      46
    ],
    [
      820,
      459
    ],
    [
      489,
      505
    ],
    [
      838,
      656
    ],
    [
      767,
      749
    ],
    [
      676,
      270
    ],
    [
      784,
      950
    ],
    [
      779,
      165
    ],
    [
      74,
      246
    ],
    [
      474,
      434
    ],
    [
      168,
      686
    ],
    [
      492,
      544
    ],
    [
      748,
      648
    ],
    [
      692,
      126
    ],
    [
      953,
      119
    ],
    [
      669,
      181
    ],
    [
      377,
      567
    ],
    [
      179,
      416
    ],
    [
      837,
      515
    ],
    [
      813,
      270
    ],
    [
      895,
      298
    ],
    [
      604,
      882
    ],
    [
      113,
      459
    ],
    [
      820,
      406
    ],
    [
      292,
      99
    ],
    [
      855,
      324
    ],
    [
      787,
      901
    ],
    [
      324,
      375
    ],
    [
      704,
      564
    ],
    [
      310,
      819
    ],
    [
      305,
      103
    ],
    [
      974,
      654
    ],
    [
      503,
      932
    ],
    [
      778,
      13
    ],
    [
      62,
      507
    ],
    [
      711,
      900
    ],
    [
      272,
      189
    ],
    [
      229,
      476
    ]
  ]
}