{
    "allLocations": [
        {
            "closestPoint": [
                489,
                848
            ],
            "location": [
                540,
                880
            ]
        },
        {
            "closestPoint": [
                838,
                656
            ],
            "location": [
                937,
                661
            ]
        },
        {
            "closestPoint": [
                741,
                632
            ],
            "location": [
                675,
                659
            ]
        },
        {
            "closestPoint": [
                290,
                653
            ],
            "location": [
                257,
                629
            ]
        },
        {
            "closestPoint": [
                23,
                340
            ],
            "location": [
                72,
                407
            ]
        },
        {
            "closestPoint": [
                809,
                161
            ],
            "location": [
                947,
                128
            ]
        },
        {
            "closestPoint": [
                187,
                827
            ],
            "location": [
                272,
                779
            ]
        },
        {
            "closestPoint": [
                891,
                795
            ],
            "location": [
                835,
                767
            ]
        },
        {
            "closestPoint": [
                113,
                459
            ],
            "location": [
                3,
                471
            ]
        },
        {
            "closestPoint": [
                779,
                165
            ],
            "location": [
                801,
                218
            ]
        },
        {
            "closestPoint": [
                23,
                340
            ],
            "location": [
                2,
                265
            ]
        },
        {
            "closestPoint": [
                813,
                270
            ],
            "location": [
                809,
                161
            ]
        },
        {
            "closestPoint": [
                311,
                46
            ],
            "location": [
                299,
                10
            ]
        },
        {
            "closestPoint": [
                627,
                736
            ],
            "location": [
                629,
                780
            ]
        },
        {
            "closestPoint": [
                489,
                505
            ],
            "location": [
                448,
                485
            ]
        },
        {
            "closestPoint": [
                143,
                922
            ],
            "location": [
                82,
                932
            ]
        },
        {
            "closestPoint": [
                296,
                637
            ],
            "location": [
                281,
                562
            ]
        },
        {
            "closestPoint": [
                217,
                574
            ],
            "location": [
                134,
                570
            ]
        },
        {
            "closestPoint": [
                405,
                593
            ],
            "location": [
                403,
                553
            ]
        },
        {
            "closestPoint": [
                855,
                324
            ],
            "location": [
                931,
                303
            ]
        },
        {
            "closestPoint": [
                820,
                406
            ],
            "location": [
                745,
                451
            ]
        },
        {
            "closestPoint": [
                305,
                103
            ],
            "location": [
                263,
                218
            ]
        },
        {
            "closestPoint": [
                272,
                779
            ],
            "location": [
                346,
                727
            ]
        },
        {
            "closestPoint": [
                704,
                564
            ],
            "location": [
                741,
                632
            ]
        },
        {
            "closestPoint": [
                113,
                459
            ],
            "location": [
                147,
                359
            ]
        },
        {
            "closestPoint": [
                669,
                181
            ],
            "location": [
                574,
                175
            ]
        },
        {
            "closestPoint": [
                272,
                779
            ],
            "location": [
                187,
                827
            ]
        },
        {
            "closestPoint": [
                622,
                843
            ],
            "location": [
                627,
                736
            ]
        },
        {
            "closestPoint": [
                410,
                642
            ],
            "location": [
                405,
                593
            ]
        },
        {
            "closestPoint": [
                263,
                218
            ],
            "location": [
                329,
                236
            ]
        },
        {
            "closestPoint": [
                489,
                848
            ],
            "location": [
                440,
                963
            ]
        },
        {
            "closestPoint": [
                134,
                570
            ],
            "location": [
                217,
                574
            ]
        },
        {
            "closestPoint": [
                842,
                966
            ],
            "location": [
                822,
                989
            ]
        },
        {
            "closestPoint": [
                629,
                780
            ],
            "location": [
                622,
                843
            ]
        },
        {
            "closestPoint": [
                861,
                352
            ],
            "location": [
                818,
                389
            ]
        },
        {
            "closestPoint": [
                68,
                765
            ],
            "location": [
                151,
                695
            ]
        },
        {
            "closestPoint": [
                281,
                562
            ],
            "location": [
                296,
                637
            ]
        },
        {
            "closestPoint": [
                19,
                790
            ],
            "location": [
                37,
                878
            ]
        },
        {
            "closestPoint": [
                508,
                337
            ],
            "location": [
                465,
                237
            ]
        },
        {
            "closestPoint": [
                74,
                246
            ],
            "location": [
                23,
                340
            ]
        },
        {
            "closestPoint": [
                82,
                932
            ],
            "location": [
                77,
                907
            ]
        },
        {
            "closestPoint": [
                377,
                567
            ],
            "location": [
                410,
                642
            ]
        },
        {
            "closestPoint": [
                540,
                880
            ],
            "location": [
                489,
                848
            ]
        },
        {
            "closestPoint": [
                37,
                878
            ],
            "location": [
                68,
                765
            ]
        },
        {
            "closestPoint": [
                377,
                567
            ],
            "location": [
                437,
                658
            ]
        },
        {
            "closestPoint": [
                822,
                989
            ],
            "location": [
                842,
                966
            ]
        },
        {
            "closestPoint": [
                77,
                907
            ],
            "location": [
                19,
                790
            ]
        },
        {
            "closestPoint": [
                311,
                46
            ],
            "location": [
                314,
                2
            ]
        },
        {
            "closestPoint": [
                600,
                135
            ],
            "location": [
                633,
                135
            ]
        },
        {
            "closestPoint": [
                618,
                403
            ],
            "location": [
                508,
                337
            ]
        },
        {
            "closestPoint": [
                767,
                749
            ],
            "location": [
                891,
                795
            ]
        },
        {
            "closestPoint": [
                329,
                236
            ],
            "location": [
                378,
                284
            ]
        },
        {
            "closestPoint": [
                77,
                907
            ],
            "location": [
                171,
                973
            ]
        },
        {
            "closestPoint": [
                855,
                324
            ],
            "location": [
                877,
                379
            ]
        },
        {
            "closestPoint": [
                77,
                907
            ],
            "location": [
                143,
                922
            ]
        },
        {
            "closestPoint": [
                669,
                181
            ],
            "location": [
                600,
                135
            ]
        },
        {
            "closestPoint": [
                877,
                379
            ],
            "location": [
                861,
                352
            ]
        },
        {
            "closestPoint": [
                299,
                10
            ],
            "location": [
                131,
                23
            ]
        },
        {
            "closestPoint": [
                299,
                10
            ],
            "location": [
                305,
                8
            ]
        },
        {
            "closestPoint": [
                787,
                901
            ],
            "location": [
                894,
                842
            ]
        },
        {
            "closestPoint": [
                281,
                562
            ],
            "location": [
                290,
                653
            ]
        },
        {
            "closestPoint": [
                676,
                270
            ],
            "location": [
                618,
                403
            ]
        },
        {
            "closestPoint": [
                299,
                10
            ],
            "location": [
                311,
                46
            ]
        },
        {
            "closestPoint": [
                837,
                515
            ],
            "location": [
                820,
                459
            ]
        },
        {
            "closestPoint": [
                474,
                434
            ],
            "location": [
                489,
                505
            ]
        },
        {
            "closestPoint": [
                741,
                632
            ],
            "location": [
                838,
                656
            ]
        },
        {
            "closestPoint": [
                835,
                767
            ],
            "location": [
                767,
                749
            ]
        },
        {
            "closestPoint": [
                813,
                270
            ],
            "location": [
                676,
                270
            ]
        },
        {
            "closestPoint": [
                842,
                966
            ],
            "location": [
                784,
                950
            ]
        },
        {
            "closestPoint": [
                692,
                126
            ],
            "location": [
                779,
                165
            ]
        },
        {
            "closestPoint": [
                2,
                265
            ],
            "location": [
                74,
                246
            ]
        },
        {
            "closestPoint": [
                448,
                485
            ],
            "location": [
                474,
                434
            ]
        },
        {
            "closestPoint": [
                134,
                570
            ],
            "location": [
                168,
                686
            ]
        },
        {
            "closestPoint": [
                403,
                553
            ],
            "location": [
                492,
                544
            ]
        },
        {
            "closestPoint": [
                838,
                656
            ],
            "location": [
                748,
                648
            ]
        },
        {
            "closestPoint": [
                600,
                135
            ],
            "location": [
                692,
                126
            ]
        },
        {
            "closestPoint": [
                947,
                128
            ],
            "location": [
                953,
                119
            ]
        },
        {
            "closestPoint": [
                633,
                135
            ],
            "location": [
                669,
                181
            ]
        },
        {
            "closestPoint": [
                403,
                553
            ],
            "location": [
                377,
                567
            ]
        },
        {
            "closestPoint": [
                147,
                359
            ],
            "location": [
                179,
                416
            ]
        },
        {
            "closestPoint": [
                820,
                406
            ],
            "location": [
                837,
                515
            ]
        },
        {
            "closestPoint": [
                801,
                218
            ],
            "location": [
                813,
                270
            ]
        },
        {
            "closestPoint": [
                931,
                303
            ],
            "location": [
                895,
                298
            ]
        },
        {
            "closestPoint": [
                629,
                780
            ],
            "location": [
                604,
                882
            ]
        },
        {
            "closestPoint": [
                72,
                407
            ],
            "location": [
                113,
                459
            ]
        },
        {
            "closestPoint": [
                818,
                389
            ],
            "location": [
                820,
                406
            ]
        },
        {
            "closestPoint": [
                311,
                46
            ],
            "location": [
                292,
                99
            ]
        },
        {
            "closestPoint": [
                895,
                298
            ],
            "location": [
                855,
                324
            ]
        },
        {
            "closestPoint": [
                711,
                900
            ],
            "location": [
                787,
                901
            ]
        },
        {
            "closestPoint": [
                229,
                476
            ],
            "location": [
                324,
                375
            ]
        },
        {
            "closestPoint": [
                748,
                648
            ],
            "location": [
                704,
                564
            ]
        },
        {
            "closestPoint": [
                272,
                779
            ],
            "location": [
                310,
                819
            ]
        },
        {
            "closestPoint": [
                272,
                189
            ],
            "location": [
                305,
                103
            ]
        },
        {
            "closestPoint": [
                937,
                661
            ],
            "location": [
                974,
                654
            ]
        },
        {
            "closestPoint": [
                540,
                880
            ],
            "location": [
                503,
                932
            ]
        },
        {
            "closestPoint": [
                779,
                165
            ],
            "location": [
                778,
                13
            ]
        },
        {
            "closestPoint": [
                3,
                471
            ],
            "location": [
                62,
                507
            ]
        },
        {
            "closestPoint": [
                784,
                950
            ],
            "location": [
                711,
                900
            ]
        },
        {
            "closestPoint": [
                263,
                218
            ],
            "location": [
                272,
                189
            ]
        },
        {
            "closestPoint": [
                217,
                574
            ],
            "location": [
                229,
                476
            ]
        }
    ]
}